{
    "accuracy": 0.7,
    "precision": 0.6764705882352942,
    "recall": 0.71875,
    "auc": 0.794120592948718
}